{"cameraMode":{"drawMode":0,"name":"Shaded","section":"Shading Mode"},"sceneLighting":true,"audioPlay":false,"sceneViewState":{"showFog":true,"showMaterialUpdate":true,"showSkybox":true,"showFlares":true,"showImageEffects":true,"showParticleSystems":true},"in2DMode":false,"pivot":{"x":4409.998046875,"y":31085.373046875,"z":18790.349609375},"rotation":{"x":-0.10569611191749573,"y":0.856739342212677,"z":-0.46615126729011538,"w":-0.19417804479599},"size":26.183935165405275,"orthographic":false}