{"cameraMode":{"drawMode":0,"name":"Shaded","section":"Shading Mode"},"sceneLighting":true,"audioPlay":false,"sceneViewState":{"showFog":true,"showMaterialUpdate":true,"showSkybox":true,"showFlares":true,"showImageEffects":true,"showParticleSystems":true},"in2DMode":false,"pivot":{"x":4413.60546875,"y":31111.72265625,"z":18863.79296875},"rotation":{"x":0.10750553011894226,"y":0.009836430661380291,"z":-0.0011166519252583385,"w":0.9942448735237122},"size":42.58194351196289,"orthographic":false}