{"cameraMode":{"drawMode":0,"name":"Shaded","section":"Shading Mode"},"sceneLighting":true,"audioPlay":false,"sceneViewState":{"showFog":true,"showMaterialUpdate":true,"showSkybox":true,"showFlares":true,"showImageEffects":true,"showParticleSystems":true},"in2DMode":false,"pivot":{"x":0.762279212474823,"y":-7.294993877410889,"z":-7.89139986038208},"rotation":{"x":-0.023807600140571595,"y":0.9683776497840881,"z":-0.2265443503856659,"w":-0.1017596572637558},"size":24.624074935913087,"orthographic":false}