{"cameraMode":{"drawMode":0,"name":"Shaded","section":"Shading Mode"},"sceneLighting":true,"audioPlay":false,"sceneViewState":{"showFog":true,"showMaterialUpdate":false,"showSkybox":true,"showFlares":true,"showImageEffects":true,"showParticleSystems":true},"in2DMode":false,"pivot":{"x":-6.99941349029541,"y":2.1973042488098146,"z":-0.4002531170845032},"rotation":{"x":-0.03626149520277977,"y":0.7586825489997864,"z":-0.0423869714140892,"w":-0.6490798592567444},"size":2.9429283142089845,"orthographic":false}